command,mean,stddev,median,user,system,min,max
psb -i data/records_30.fastq -l seq_io,0.19164009324666673,0.001774934807403335,0.19180617518,0.1398368866666667,0.051259586666666655,0.18846814918000002,0.19469212118
psb -i data/records_30.fastq -l seq_io_batch,0.2024186804657143,0.001476719073893176,0.20180207468000003,0.15501517714285715,0.04679952,0.20019504018,0.20492214218000002
psb -i data/records_30.fastq -l needletail,0.18871202291333333,0.00167189428333973,0.18862002118,0.1403809533333333,0.04772245333333333,0.18591524518000002,0.19324720918000002
psb -i data/records_30.fastq -l paraseq,0.19493409498000006,0.0015178695268428639,0.19437023018000002,0.14534582000000001,0.04901518666666665,0.19247818918,0.19747047418000002
psb -i data/records_30.fastq -l fastq-rs,0.1987033681133334,0.0015733982914756068,0.19888294618000002,0.15159435333333338,0.04649418666666665,0.19623923118000003,0.20135943018000002
psb -i data/records_30.fastq -l fastq-rs_batch,0.22260459194923082,0.0021510623754092263,0.22247677118,0.17555197384615384,0.08235236615384614,0.21975436118000002,0.22609808518000002
psb -i data/records_30.fastq -l bio,0.8692805735800002,0.0035931708384056684,0.8685728556800001,0.7905030199999998,0.07557011999999999,0.8652108961800001,0.87553517818
