command,mean,stddev,median,user,system,min,max
psb -i data/records_50.fastq -l seq_io,0.22060957006153847,0.0022222531355988503,0.22013606060000002,0.15427518615384614,0.06547491076923077,0.2175602066,0.2236229766
psb -i data/records_50.fastq -l seq_io_batch,0.23518123135,0.002324653585812935,0.23535123460000001,0.16413234000000002,0.07028201333333332,0.2313585936,0.2394783046
psb -i data/records_50.fastq -l needletail,0.2222374095230769,0.0021669223474728885,0.2219939326,0.15263103230769232,0.06885698769230769,0.2182314346,0.2255872266
psb -i data/records_50.fastq -l paraseq,0.23045980159999999,0.002837009842323684,0.23052201760000002,0.1614815066666667,0.06812709666666666,0.22561634060000002,0.2352266456
psb -i data/records_50.fastq -l fastq-rs,0.23589187593333336,0.0020208575661881906,0.23602139760000002,0.16269434000000002,0.07240192999999999,0.2328718576,0.2403952586
psb -i data/records_50.fastq -l fastq-rs_batch,0.2799422572,0.004489327925634578,0.2783866131,0.20036334,0.13121818,0.2764817896,0.2913222526
psb -i data/records_50.fastq -l bio,0.8967613149000003,0.02113107905952254,0.8899240176000001,0.77235844,0.12062608,0.8845289886000001,0.9556486066000001
