command,mean,stddev,median,user,system,min,max
psb -i data/records_200.fastq -l seq_io,0.39057356124,0.00218500630121845,0.38987671714000005,0.16219913999999996,0.22689053999999995,0.38787682314,0.39386082214
psb -i data/records_200.fastq -l seq_io_batch,0.44896165264,0.0028021903759955433,0.44922820414,0.22017374000000003,0.22681874,0.44499688814000005,0.45444389814
psb -i data/records_200.fastq -l needletail,0.39312267464000006,0.0023413432714088243,0.39328793964,0.16487713999999998,0.22666063999999997,0.38751989314,0.39582684114
psb -i data/records_200.fastq -l paraseq,0.38919408644000003,0.005164603933690011,0.38796750114,0.18877983999999998,0.19887233999999998,0.38146262614000004,0.39593988714
psb -i data/records_200.fastq -l fastq-rs,0.40651633364000006,0.0022888387541623407,0.40571316414,0.16993564,0.23497933999999998,0.40356296714,0.41003972714000003
psb -i data/records_200.fastq -l fastq-rs_batch,0.5426902170400001,0.008863057007879014,0.54028321664,0.28118124,0.42357524,0.5321806771400001,0.56116690614
psb -i data/records_200.fastq -l bio,1.4054543906399999,0.010641307731547329,1.4032256801400003,0.99375044,0.40544373999999994,1.3882840921400001,1.4285128821400002
