command,mean,stddev,median,user,system,min,max
psb -i data/records_300.fastq -l seq_io,0.5026753694,0.0020852671627093746,0.5030157498000001,0.17640761999999996,0.32424314,0.4997727063,0.5063945083000001
psb -i data/records_300.fastq -l seq_io_batch,0.5907411893000003,0.002230406206992159,0.5901862398000002,0.24543222,0.34291773999999997,0.5880975943000001,0.5949404103000001
psb -i data/records_300.fastq -l needletail,0.5110654429000002,0.004645915681141883,0.5105478313,0.19028752,0.31880874,0.5052767803000001,0.5208538263000001
psb -i data/records_300.fastq -l paraseq,0.4886001993000001,0.005879309542002583,0.48775851180000007,0.21796311999999998,0.26854883999999996,0.48038574230000003,0.4992177333
psb -i data/records_300.fastq -l fastq-rs,0.5245696799000001,0.004367023560159416,0.5236776893000001,0.18986281999999996,0.33250834,0.5195506753000001,0.5340746273000001
psb -i data/records_300.fastq -l fastq-rs_batch,0.7395369167,0.013740372124269824,0.7362430648,0.32348111999999996,0.65293894,0.7227250823000001,0.7615139033000001
psb -i data/records_300.fastq -l bio,1.8695807885,0.005115644324745581,1.8690043473,1.27020322,0.59160664,1.8628458023,1.8796009453
