command,mean,stddev,median,user,system,min,max
psb -i data/records_100.fastq -l seq_io,0.27898040436000004,0.000983004847742296,0.27868208866,0.16115824,0.11663611999999998,0.27809168416,0.28138115116000006
psb -i data/records_100.fastq -l seq_io_batch,0.30697443166000005,0.00232318120667599,0.30688470116000005,0.18764954000000003,0.11795572000000001,0.30422176816,0.31136457916000004
psb -i data/records_100.fastq -l needletail,0.28280536976000004,0.0021034391526287056,0.28254235266000005,0.17092893999999997,0.11058202000000002,0.28036234616000005,0.28585700216000004
psb -i data/records_100.fastq -l paraseq,0.28632529276000007,0.0026881541653208892,0.28544368366000006,0.16765094,0.11728402,0.28257458216000003,0.29190432916000003
psb -i data/records_100.fastq -l fastq-rs,0.29849748036000007,0.0022916826158548773,0.29846810866000006,0.18152123999999997,0.11556311999999998,0.29543237416000007,0.30235696816
psb -i data/records_100.fastq -l fastq-rs_batch,0.36807733365999995,0.003696716681614351,0.36851971216,0.24263094000000002,0.21392781999999996,0.36045865016000006,0.37290853916000005
psb -i data/records_100.fastq -l bio,1.10761281566,0.012921923351689228,1.10439563816,0.8967482399999998,0.20606561999999995,1.09579517916,1.1335194581599999
